<metadata xml:lang="es"><Esri><CreaDate>20250510</CreaDate><CreaTime>00074400</CreaTime><ArcGISFormat>1.0</ArcGISFormat><SyncOnce>FALSE</SyncOnce><DataProperties><itemProps><itemName Sync="TRUE">calzada_</itemName><imsContentType Sync="TRUE">002</imsContentType><itemLocation><linkage Sync="TRUE">file://\\argos01\publicacion\ServiciosPlaneacion\temporal_planeacion\ws_opendata\OD390_15741\ShapeFile\calzada_.shp</linkage><protocol Sync="TRUE">Local Area Network</protocol></itemLocation><itemSize Sync="TRUE">0.000</itemSize></itemProps><coordRef><type Sync="TRUE">Projected</type><geogcsn Sync="TRUE">MAGNA-SIRGAS_2018</geogcsn><csUnits Sync="TRUE">Linear Unit: Meter (1.000000)</csUnits><projcsn Sync="TRUE">MAGNA-SIRGAS_2018_Origen-Nacional</projcsn><peXml Sync="TRUE">&lt;ProjectedCoordinateSystem xsi:type='typens:ProjectedCoordinateSystem' xmlns:xsi='http://www.w3.org/2001/XMLSchema-instance' xmlns:xs='http://www.w3.org/2001/XMLSchema' xmlns:typens='http://www.esri.com/schemas/ArcGIS/3.3.0'&gt;&lt;WKT&gt;PROJCS[&amp;quot;MAGNA-SIRGAS_2018_Origen-Nacional&amp;quot;,GEOGCS[&amp;quot;MAGNA-SIRGAS_2018&amp;quot;,DATUM[&amp;quot;Marco_Geocentrico_Nacional_de_Referencia_2018&amp;quot;,SPHEROID[&amp;quot;GRS_1980&amp;quot;,6378137.0,298.257222101]],PRIMEM[&amp;quot;Greenwich&amp;quot;,0.0],UNIT[&amp;quot;Degree&amp;quot;,0.0174532925199433]],PROJECTION[&amp;quot;Transverse_Mercator&amp;quot;],PARAMETER[&amp;quot;False_Easting&amp;quot;,5000000.0],PARAMETER[&amp;quot;False_Northing&amp;quot;,2000000.0],PARAMETER[&amp;quot;Central_Meridian&amp;quot;,-73.0],PARAMETER[&amp;quot;Scale_Factor&amp;quot;,0.9992],PARAMETER[&amp;quot;Latitude_Of_Origin&amp;quot;,4.0],UNIT[&amp;quot;Meter&amp;quot;,1.0],AUTHORITY[&amp;quot;EPSG&amp;quot;,9377]]&lt;/WKT&gt;&lt;XOrigin&gt;-618700&lt;/XOrigin&gt;&lt;YOrigin&gt;-8436100&lt;/YOrigin&gt;&lt;XYScale&gt;450623577.52990448&lt;/XYScale&gt;&lt;ZOrigin&gt;-100000&lt;/ZOrigin&gt;&lt;ZScale&gt;10000&lt;/ZScale&gt;&lt;MOrigin&gt;-100000&lt;/MOrigin&gt;&lt;MScale&gt;10000&lt;/MScale&gt;&lt;XYTolerance&gt;0.001&lt;/XYTolerance&gt;&lt;ZTolerance&gt;0.001&lt;/ZTolerance&gt;&lt;MTolerance&gt;0.001&lt;/MTolerance&gt;&lt;HighPrecision&gt;true&lt;/HighPrecision&gt;&lt;WKID&gt;9377&lt;/WKID&gt;&lt;LatestWKID&gt;9377&lt;/LatestWKID&gt;&lt;/ProjectedCoordinateSystem&gt;</peXml></coordRef><lineage><Process ToolSource="c:\program files\arcgis\pro\Resources\ArcToolbox\toolboxes\Data Management Tools.tbx\Merge" Date="20250510" Time="000746">Merge C:\Users\SERVIC~1.GIS\AppData\Local\Temp\mxBC1681A9EC274653BBEA55FF09001A88.gdb\ScratchRecordSet;C:\Users\SERVIC~1.GIS\AppData\Local\Temp\mx1E812D6680E34235A63DC6C9ED3F6B6A.gdb\ScratchRecordSet \\argos01\publicacion\ServiciosPlaneacion\temporal_planeacion\ws_opendata\OD390_15741\temp.gdb\calzada_ "codigo "codigo" true true false 8 Double 0 0,First,#,C:\Users\SERVIC~1.GIS\AppData\Local\Temp\mxBC1681A9EC274653BBEA55FF09001A88.gdb\ScratchRecordSet,codigo,-1,-1,C:\Users\SERVIC~1.GIS\AppData\Local\Temp\mx1E812D6680E34235A63DC6C9ED3F6B6A.gdb\ScratchRecordSet,codigo,-1,-1;id_op "id_op" true true false 8 Double 0 0,First,#,C:\Users\SERVIC~1.GIS\AppData\Local\Temp\mxBC1681A9EC274653BBEA55FF09001A88.gdb\ScratchRecordSet,id_op,-1,-1,C:\Users\SERVIC~1.GIS\AppData\Local\Temp\mx1E812D6680E34235A63DC6C9ED3F6B6A.gdb\ScratchRecordSet,id_op,-1,-1;ancho_calzada "ancho_calzada" true true false 8 Double 0 0,First,#,C:\Users\SERVIC~1.GIS\AppData\Local\Temp\mxBC1681A9EC274653BBEA55FF09001A88.gdb\ScratchRecordSet,ancho_calzada,-1,-1,C:\Users\SERVIC~1.GIS\AppData\Local\Temp\mx1E812D6680E34235A63DC6C9ED3F6B6A.gdb\ScratchRecordSet,ancho_calzada,-1,-1;area_calzada "area_calzada" true true false 8 Double 0 0,First,#,C:\Users\SERVIC~1.GIS\AppData\Local\Temp\mxBC1681A9EC274653BBEA55FF09001A88.gdb\ScratchRecordSet,area_calzada,-1,-1,C:\Users\SERVIC~1.GIS\AppData\Local\Temp\mx1E812D6680E34235A63DC6C9ED3F6B6A.gdb\ScratchRecordSet,area_calzada,-1,-1;longitud_calzada "longitud_calzada" true true false 8 Double 0 0,First,#,C:\Users\SERVIC~1.GIS\AppData\Local\Temp\mxBC1681A9EC274653BBEA55FF09001A88.gdb\ScratchRecordSet,longitud_calzada,-1,-1,C:\Users\SERVIC~1.GIS\AppData\Local\Temp\mx1E812D6680E34235A63DC6C9ED3F6B6A.gdb\ScratchRecordSet,longitud_calzada,-1,-1;pendiente "pendiente" true true false 8 Double 0 0,First,#,C:\Users\SERVIC~1.GIS\AppData\Local\Temp\mxBC1681A9EC274653BBEA55FF09001A88.gdb\ScratchRecordSet,pendiente,-1,-1,C:\Users\SERVIC~1.GIS\AppData\Local\Temp\mx1E812D6680E34235A63DC6C9ED3F6B6A.gdb\ScratchRecordSet,pendiente,-1,-1;ruta_transporte "ruta_transporte" true true false 2 Short 0 0,First,#,C:\Users\SERVIC~1.GIS\AppData\Local\Temp\mxBC1681A9EC274653BBEA55FF09001A88.gdb\ScratchRecordSet,ruta_transporte,-1,-1,C:\Users\SERVIC~1.GIS\AppData\Local\Temp\mx1E812D6680E34235A63DC6C9ED3F6B6A.gdb\ScratchRecordSet,ruta_transporte,-1,-1;Shape_Length "Shape_Length" false true true 8 Double 0 0,First,#,C:\Users\SERVIC~1.GIS\AppData\Local\Temp\mxBC1681A9EC274653BBEA55FF09001A88.gdb\ScratchRecordSet,Shape_Length,-1,-1,C:\Users\SERVIC~1.GIS\AppData\Local\Temp\mx1E812D6680E34235A63DC6C9ED3F6B6A.gdb\ScratchRecordSet,Shape_Length,-1,-1" NO_SOURCE_INFO</Process><Process ToolSource="c:\program files\arcgis\pro\Resources\ArcToolbox\toolboxes\Data Management Tools.tbx\CopyFeatures" Date="20250510" Time="000809">CopyFeatures //argos01/publicacion/ServiciosPlaneacion/temporal_planeacion/ws_opendata/OD390_15741\temp.gdb\calzada_ \\argos01\publicacion\ServiciosPlaneacion\temporal_planeacion\ws_opendata\OD390_15741\ShapeFile\calzada_.shp # # # #</Process></lineage></DataProperties><SyncDate>20250510</SyncDate><SyncTime>00080700</SyncTime><ModDate>20250510</ModDate><ModTime>00080700</ModTime></Esri><dataIdInfo><envirDesc Sync="TRUE">Microsoft Windows Server 2016 Technical Preview Version 10.0 (Build 17763) ; Esri ArcGIS 13.3.2.52636</envirDesc><dataLang><languageCode value="spa" Sync="TRUE"></languageCode><countryCode value="COL" Sync="TRUE"></countryCode></dataLang><idCitation><resTitle Sync="TRUE">calzada_</resTitle><presForm><PresFormCd value="005" Sync="TRUE"></PresFormCd></presForm></idCitation><spatRpType><SpatRepTypCd value="001" Sync="TRUE"></SpatRepTypCd></spatRpType></dataIdInfo><mdLang><languageCode value="spa" Sync="TRUE"></languageCode><countryCode value="COL" Sync="TRUE"></countryCode></mdLang><distInfo><distFormat><formatName Sync="TRUE">Shapefile</formatName></distFormat><distTranOps><transSize Sync="TRUE">0.000</transSize></distTranOps></distInfo><mdHrLv><ScopeCd value="005" Sync="TRUE"></ScopeCd></mdHrLv><mdHrLvName Sync="TRUE">dataset</mdHrLvName><refSysInfo><RefSystem><refSysID><identCode code="9377" Sync="TRUE"></identCode><idCodeSpace Sync="TRUE">EPSG</idCodeSpace><idVersion Sync="TRUE">9.8.12(12.8.0)</idVersion></refSysID></RefSystem></refSysInfo><spatRepInfo><VectSpatRep><geometObjs Name="calzada_"><geoObjTyp><GeoObjTypCd value="002" Sync="TRUE"></GeoObjTypCd></geoObjTyp><geoObjCnt Sync="TRUE">0</geoObjCnt></geometObjs><topLvl><TopoLevCd value="001" Sync="TRUE"></TopoLevCd></topLvl></VectSpatRep></spatRepInfo><spdoinfo><ptvctinf><esriterm Name="calzada_"><efeatyp Sync="TRUE">Simple</efeatyp><efeageom code="3" Sync="TRUE"></efeageom><esritopo Sync="TRUE">FALSE</esritopo><efeacnt Sync="TRUE">0</efeacnt><spindex Sync="TRUE">FALSE</spindex><linrefer Sync="TRUE">FALSE</linrefer></esriterm></ptvctinf></spdoinfo><eainfo><detailed Name="calzada_"><enttyp><enttypl Sync="TRUE">calzada_</enttypl><enttypt Sync="TRUE">Feature Class</enttypt><enttypc Sync="TRUE">0</enttypc></enttyp><attr><attrlabl Sync="TRUE">FID</attrlabl><attalias Sync="TRUE">FID</attalias><attrtype Sync="TRUE">OID</attrtype><attwidth Sync="TRUE">4</attwidth><atprecis Sync="TRUE">0</atprecis><attscale Sync="TRUE">0</attscale><attrdef Sync="TRUE">Internal feature number.</attrdef><attrdefs Sync="TRUE">Esri</attrdefs><attrdomv><udom Sync="TRUE">Sequential unique whole numbers that are automatically generated.</udom></attrdomv></attr><attr><attrlabl Sync="TRUE">Shape</attrlabl><attalias Sync="TRUE">Shape</attalias><attrtype Sync="TRUE">Geometry</attrtype><attwidth Sync="TRUE">0</attwidth><atprecis Sync="TRUE">0</atprecis><attscale Sync="TRUE">0</attscale><attrdef Sync="TRUE">Feature geometry.</attrdef><attrdefs Sync="TRUE">Esri</attrdefs><attrdomv><udom Sync="TRUE">Coordinates defining the features.</udom></attrdomv></attr><attr><attrlabl Sync="TRUE">codigo</attrlabl><attalias Sync="TRUE">codigo</attalias><attrtype Sync="TRUE">Double</attrtype><attwidth Sync="TRUE">19</attwidth><atprecis Sync="TRUE">0</atprecis><attscale Sync="TRUE">0</attscale></attr><attr><attrlabl Sync="TRUE">id_op</attrlabl><attalias Sync="TRUE">id_op</attalias><attrtype Sync="TRUE">Double</attrtype><attwidth Sync="TRUE">19</attwidth><atprecis Sync="TRUE">0</atprecis><attscale Sync="TRUE">0</attscale></attr><attr><attrlabl Sync="TRUE">ancho_calz</attrlabl><attalias Sync="TRUE">ancho_calz</attalias><attrtype Sync="TRUE">Double</attrtype><attwidth Sync="TRUE">19</attwidth><atprecis Sync="TRUE">0</atprecis><attscale Sync="TRUE">0</attscale></attr><attr><attrlabl Sync="TRUE">area_calza</attrlabl><attalias Sync="TRUE">area_calza</attalias><attrtype Sync="TRUE">Double</attrtype><attwidth Sync="TRUE">19</attwidth><atprecis Sync="TRUE">0</atprecis><attscale Sync="TRUE">0</attscale></attr><attr><attrlabl Sync="TRUE">longitud_c</attrlabl><attalias Sync="TRUE">longitud_c</attalias><attrtype Sync="TRUE">Double</attrtype><attwidth Sync="TRUE">19</attwidth><atprecis Sync="TRUE">0</atprecis><attscale Sync="TRUE">0</attscale></attr><attr><attrlabl Sync="TRUE">pendiente</attrlabl><attalias Sync="TRUE">pendiente</attalias><attrtype Sync="TRUE">Double</attrtype><attwidth Sync="TRUE">19</attwidth><atprecis Sync="TRUE">0</atprecis><attscale Sync="TRUE">0</attscale></attr><attr><attrlabl Sync="TRUE">ruta_trans</attrlabl><attalias Sync="TRUE">ruta_trans</attalias><attrtype Sync="TRUE">Integer</attrtype><attwidth Sync="TRUE">5</attwidth><atprecis Sync="TRUE">5</atprecis><attscale Sync="TRUE">0</attscale></attr><attr><attrlabl Sync="TRUE">Shape_Leng</attrlabl><attalias Sync="TRUE">Shape_Leng</attalias><attrtype Sync="TRUE">Double</attrtype><attwidth Sync="TRUE">19</attwidth><atprecis Sync="TRUE">0</atprecis><attscale Sync="TRUE">0</attscale></attr></detailed></eainfo><mdDateSt Sync="TRUE">20250510</mdDateSt></metadata>
